WKT,id,name,alt_name,latitude,longitude
"POINT (97.0253 4.36855)",11.0,ACEH,ACEH,4.36855,97.0253
"POINT (99.38122 2.19235)",12.0,SUMATERA UTARA,SUMATERA UTARA,2.19235,99.38122
"POINT (100.6583751 -0.7655605)",13.0,SUMATERA BARAT,SUMATERA BARAT,-0.7655605,100.6583751
"POINT (101.54758 0.50041)",14.0,RIAU,RIAU,0.50041,101.54758
"POINT (102.7797 -1.61157)",15.0,JAMBI,JAMBI,-1.61157,102.7797
"POINT (104.09306 -3.12668)",16.0,SUMATERA SELATAN,SUMATERA SELATAN,-3.12668,104.09306
"POINT (102.53598 -3.51868)",17.0,BENGKULU,BENGKULU,-3.51868,102.53598
"POINT (105.0273 -4.8555)",18.0,LAMPUNG,LAMPUNG,-4.8555,105.0273
"POINT (107.58394 -2.75775)",19.0,KEPULAUAN BANGKA BELITUNG,KEPULAUAN BANGKA BELITUNG,-2.75775,107.58394
"POINT (104.58037 -0.15478)",21.0,KEPULAUAN RIAU,KEPULAUAN RIAU,-0.15478,104.58037
"POINT (106.8561877 -6.2278071)",31.0,DKI JAKARTA,DKI JAKARTA,-6.2278071,106.8561877
"POINT (107.64047 -6.88917)",32.0,JAWA BARAT,JAWA BARAT,-6.88917,107.64047
"POINT (110.00441 -7.30324)",33.0,JAWA TENGAH,JAWA TENGAH,-7.30324,110.00441
"POINT (110.4354138 -7.8730846)",34.0,DI YOGYAKARTA,DI YOGYAKARTA,-7.8730846,110.4354138
"POINT (113.98005 -6.96851)",35.0,JAWA TIMUR,JAWA TIMUR,-6.96851,113.98005
"POINT (106.13756 -6.44538)",36.0,BANTEN,BANTEN,-6.44538,106.13756
"POINT (115.12239 -8.23566)",51.0,BALI,BALI,-8.23566,115.12239
"POINT (117.63696 -8.12179)",52.0,NUSA TENGGARA BARAT,NUSA TENGGARA BARAT,-8.12179,117.63696
"POINT (120.69786 -8.56568)",53.0,NUSA TENGGARA TIMUR,NUSA TENGGARA TIMUR,-8.56568,120.69786
"POINT (111.09689 -0.13224)",61.0,KALIMANTAN BARAT,KALIMANTAN BARAT,-0.13224,111.09689
"POINT (113.29033 -1.49958)",62.0,KALIMANTAN TENGAH,KALIMANTAN TENGAH,-1.49958,113.29033
"POINT (115.37565 -2.94348)",63.0,KALIMANTAN SELATAN,KALIMANTAN SELATAN,-2.94348,115.37565
"POINT (116.242 0.78844)",64.0,KALIMANTAN TIMUR,KALIMANTAN TIMUR,0.78844,116.242
"POINT (116.911 2.72594)",65.0,KALIMANTAN UTARA,KALIMANTAN UTARA,2.72594,116.911
"POINT (124.09015 0.65557)",71.0,SULAWESI UTARA,SULAWESI UTARA,0.65557,124.09015
"POINT (120.80886 -1.69378)",72.0,SULAWESI TENGAH,SULAWESI TENGAH,-1.69378,120.80886
"POINT (119.94719 -3.64467)",73.0,SULAWESI SELATAN,SULAWESI SELATAN,-3.64467,119.94719
"POINT (121.72796 -3.54912)",74.0,SULAWESI TENGGARA,SULAWESI TENGGARA,-3.54912,121.72796
"POINT (122.45559 0.71862)",75.0,GORONTALO,GORONTALO,0.71862,122.45559
"POINT (119.3919 -2.49745)",76.0,SULAWESI BARAT,SULAWESI BARAT,-2.49745,119.3919
"POINT (129.42078 -3.11884)",81.0,MALUKU,MALUKU,-3.11884,129.42078
"POINT (127.97202 0.63012)",82.0,MALUKU UTARA,MALUKU UTARA,0.63012,127.97202
"POINT (132.90253 -1.38424)",91.0,PAPUA BARAT,PAPUA BARAT,-1.38424,132.90253
"POINT (138.34853 -3.98857)",94.0,PAPUA,PAPUA,-3.98857,138.34853
