WKT,Nama Kabupaten/Kota,Latitude,Longitude
"POINT (108.995079 -7.562308)",Kabupaten Cilacap,-7.562308,108.995079
"POINT (109.183783 -7.42621)",Kabupaten Banyumas,-7.42621,109.183783
"POINT (109.3719 -7.337722)",Kabupaten Purbalingga,-7.337722,109.3719
"POINT (109.689626 -7.382025)",Kabupaten Banjarnegara,-7.382025,109.689626
"POINT (109.664405 -7.671391)",Kabupaten Kebumen,-7.671391,109.664405
"POINT (110.015021 -7.712683)",Kabupaten Purworejo,-7.712683,110.015021
"POINT (109.902264 -7.365313)",Kabupaten Wonosobo,-7.365313,109.902264
"POINT (110.237243 -7.518625)",Kabupaten Magelang,-7.518625,110.237243
"POINT (110.596009 -7.525626)",Kabupaten Boyolali,-7.525626,110.596009
"POINT (110.603337 -7.702755)",Kabupaten Klaten,-7.702755,110.603337
"POINT (110.835105 -7.679633)",Kabupaten Sukoharjo,-7.679633,110.835105
"POINT (111.050478 -7.892182)",Kabupaten Wonogiri,-7.892182,111.050478
"POINT (111.025126 -7.59254)",Kabupaten Karanganyar,-7.59254,111.025126
"POINT (110.999661 -7.423984)",Kabupaten Sragen,-7.423984,110.999661
"POINT (110.923126 -7.098048)",Kabupaten Grobogan,-7.098048,110.923126
"POINT (111.411649 -7.042299)",Kabupaten Blora,-7.042299,111.411649
"POINT (111.396901 -6.745422)",Kabupaten Rembang,-6.745422,111.396901
"POINT (111.042319 -6.764047)",Kabupaten Pati,-6.764047,111.042319
"POINT (110.840528 -6.804838)",Kabupaten Kudus,-6.804838,110.840528
"POINT (110.672922 -6.594754)",Kabupaten Jepara,-6.594754,110.672922
"POINT (110.638575 -6.894228)",Kabupaten Demak,-6.894228,110.638575
"POINT (110.428585 -7.218524)",Kabupaten Semarang,-7.218524,110.428585
"POINT (110.165275 -7.304094)",Kabupaten Temanggung,-7.304094,110.165275
"POINT (110.169911 -7.026726)",Kabupaten Kendal,-7.026726,110.169911
"POINT (109.815777 -7.014298)",Kabupaten Batang,-7.014298,109.815777
"POINT (109.610996 -7.0396)",Kabupaten Pekalongan,-7.0396,109.610996
"POINT (109.390547 -7.009045)",Kabupaten Pemalang,-7.009045,109.390547
"POINT (109.117277 -7.032174)",Kabupaten Tegal,-7.032174,109.117277
"POINT (108.887258 -7.009968)",Kabupaten Brebes,-7.009968,108.887258
"POINT (110.217696 -7.479734)",Kota Magelang,-7.479734,110.217696
"POINT (110.825272 -7.566606)",Kota Surakarta,-7.566606,110.825272
"POINT (110.508437 -7.330523)",Kota Salatiga,-7.330523,110.508437
"POINT (110.438125 -7.005145)",Kota Semarang,-7.005145,110.438125
"POINT (109.677303 -6.889836)",Kota Pekalongan,-6.889836,109.677303
"POINT (109.125592 -6.879704)",Kota Tegal,-6.879704,109.125592
